Workbook

Sheet PORTADA
B2: REPORTE DE ACTIVIDADES ASISTENCIA Y PROFESORES
B4: HOJAS | C4: DESCRIPCION
B5: 1 – ACTIVIDADES | C5: Listado de actividades unicas
B6: 2 – PROFESORES | C6: Listado de profesores dictando actividades
B7: 3 – ASISTENCIA | C7: Listado de concurrencia a las actividades
B8: 4 – TABLAS | C8: Tablas informativas con datos maximos y minimos
B9: 5 – GRAFICOS | C9: Graficos ilistrativos de las tablas
B12: Profesional: Gonzalo Aguirre –– ▶Tel: 3513271784 ▶ V1

Sheet 1 – ACTIVIDADES
B2: N° | C2: ACTIVIDAD | D2: DESDE | E2: HASTA | F2: ACTIVA/ INACTIVA | G2: DIAS | H2: HORARIOS | I2: CUPOS
B3: 1 | C3: =UPPER(actividad[[#This Row],[ACTIVIDAD]]) -> CALISTENIA
B4: 2 | C4: =UPPER(actividad[[#This Row],[ACTIVIDAD]]) -> BOXEO
B5: 3 | C5: =UPPER(actividad[[#This Row],[ACTIVIDAD]]) -> MMA+BOXEO
B6: 4 | C6: =UPPER(actividad[[#This Row],[ACTIVIDAD]]) -> KARATE
B7: 5 | C7: =UPPER(actividad[[#This Row],[ACTIVIDAD]]) -> TAEKWONDO
B8: 6 | C8: =UPPER(actividad[[#This Row],[ACTIVIDAD]]) -> TELA
B9: 7 | C9: =UPPER(actividad[[#This Row],[ACTIVIDAD]]) -> LYRA
B10: 8 | C10: =UPPER(actividad[[#This Row],[ACTIVIDAD]]) -> YOGA Y YOGA COLUMPIO
B11: 9 | C11: =UPPER(actividad[[#This Row],[ACTIVIDAD]]) -> POLE SPORT
B12: 10 | C12: =UPPER(actividad[[#This Row],[ACTIVIDAD]]) -> ACRO KIDS
B13: 11 | C13: =UPPER(actividad[[#This Row],[ACTIVIDAD]]) -> MOVIMIENTO CONSCIENTE
B14: 12 | C14: =UPPER(actividad[[#This Row],[ACTIVIDAD]]) -> CROSS TRANING
... B20: 18 | C20: =UPPER(actividad[[#This Row],[ACTIVIDAD]]) -> NUTRICION

Sheet 2 – PROFESORES
B2: N° | C2: PROFESOR | D2: ACTIVIDAD | E2: HORARIO | F2: CONTACTO
B3: 1 | C3: Agus
B4: 2 | C4: Edd
B5: 3 | C5: Lazaro
B6: 4 | C6: Lean
B7: 5 | C7: Marco
B8: 6 | C8: Mariano
B9: 7 | C9: Martin
B10: 8 | C10: Paula
B11: 9 | C11: Tito

Sheet 3 – ASISTENCIA
A1: SEMANA | B1: FECHA | C1: MES NUMERO | D1: MES NOMBRE | E1: ACTIVIDAD | F1: ACTIVIDAD GLOBAL | G1: PROFESOR | H1: CANTIDAD DE ALUMNOS | I1: OBSERVACIONES
A2: 1 | B2: 45689 | C2: =TEXT(B2,"mm") -> 02 | D2: =UPPER(TEXT(B2,"mmmm")) -> FEBRERO | E2: Calistenia Edd | F2: =_xlfn.XLOOKUP(E2,MAPEO!$B:$B,MAPEO!$C:$C,"",0) -> Calistenia | G2: =_xlfn.XLOOKUP(E2,MAPEO!$B:$B,MAPEO!$D:$D,"",0) -> Edd
A3: 1 | B3: 45689 | C3: =TEXT(B3,"mm") -> 02 | D3: =UPPER(TEXT(B3,"mmmm")) -> FEBRERO | E3: Calistenia Martin | F3: =_xlfn.XLOOKUP(E3,MAPEO!$B:$B,MAPEO!$C:$C,"",0) -> Calistenia | G3: =_xlfn.XLOOKUP(E3,MAPEO!$B:$B,MAPEO!$D:$D,"",0) -> Martin
A4: 1 | B4: 45689 | C4: =TEXT(B4,"mm") -> 02 | D4: =UPPER(TEXT(B4,"mmmm")) -> FEBRERO | E4: Calistenia Agus | F4: =_xlfn.XLOOKUP(E4,MAPEO!$B:$B,MAPEO!$C:$C,"",0) -> Calistenia | G4: =_xlfn.XLOOKUP(E4,MAPEO!$B:$B,MAPEO!$D:$D,"",0) -> Agus
A5: 1 | B5: 45689 | C5: =TEXT(B5,"mm") -> 02 | D5: =UPPER(TEXT(B5,"mmmm")) -> FEBRERO | E5: Calistenia Lazaro | F5: =_xlfn.XLOOKUP(E5,MAPEO!$B:$B,MAPEO!$C:$C,"",0) -> Calistenia | G5: =_xlfn.XLOOKUP(E5,MAPEO!$B:$B,MAPEO!$D:$D,"",0) -> Lazaro
A6: 1 | B6: 45689 | C6: =TEXT(B6,"mm") -> 02 | D6: =UPPER(TEXT(B6,"mmmm")) -> FEBRERO | E6: Calistenia Paula | F6: =_xlfn.XLOOKUP(E6,MAPEO!$B:$B,MAPEO!$C:$C,"",0) -> Calistenia | G6: =_xlfn.XLOOKUP(E6,MAPEO!$B:$B,MAPEO!$D:$D,"",0) -> Paula
A7: 1 | B7: 45689 | C7: =TEXT(B7,"mm") -> 02 | D7: =UPPER(TEXT(B7,"mmmm")) -> FEBRERO | E7: Boxeo y Kickboxing Mariano | F7: =_xlfn.XLOOKUP(E7,MAPEO!$B:$B,MAPEO!$C:$C,"",0) -> Boxeo | G7: =_xlfn.XLOOKUP(E7,MAPEO!$B:$B,MAPEO!$D:$D,"",0) -> Mariano
A8: 1 | B8: 45689 | C8: =TEXT(B8,"mm") -> 02 | D8: =UPPER(TEXT(B8,"mmmm")) -> FEBRERO | E8: Boxeo tito | F8: =_xlfn.XLOOKUP(E8,MAPEO!$B:$B,MAPEO!$C:$C,"",0) -> Boxeo | G8: =_xlfn.XLOOKUP(E8,MAPEO!$B:$B,MAPEO!$D:$D,"",0) -> tito
A9: 1 | B9: 45689 | C9: =TEXT(B9,"mm") -> 02 | D9: =UPPER(TEXT(B9,"mmmm")) -> FEBRERO | E9: MMA+BOXEO | F9: =_xlfn.XLOOKUP(E9,MAPEO!$B:$B,MAPEO!$C:$C,"",0) -> MMA+BOXEO | G9: –
A10: 1 | B10: 45689 | C10: =TEXT(B10,"mm") -> 02 | D10: =UPPER(TEXT(B10,"mmmm")) -> FEBRERO | E10: Karate | F10: =_xlfn.XLOOKUP(E10,MAPEO!$B:$B,MAPEO!$C:$C,"",0) -> Karate | G10: –
A11: 1 | B11: 45689 | C11: =TEXT(B11,"mm") -> 02 | D11: =UPPER(TEXT(B11,"mmmm")) -> FEBRERO | E11: Taekwondo | F11: =_xlfn.XLOOKUP(E11,MAPEO!$B:$B,MAPEO!$C:$C,"",0) -> Taekwondo | G11: –
A12: 1 | B12: 45689 | C12: =TEXT(B12,"mm") -> 02 | D12: =UPPER(TEXT(B12,"mmmm")) -> FEBRERO | E12: Tela | F12: =_xlfn.XLOOKUP(E12,MAPEO!$B:$B,MAPEO!$C:$C,"",0) -> Tela | G12: –
A13: 1 | B13: 45689 | C13: =TEXT(B13,"mm") -> 02 | D13: =UPPER(TEXT(B13,"mmmm")) -> FEBRERO | E13: Lyra | F13: =_xlfn.XLOOKUP(E13,MAPEO!$B:$B,MAPEO!$C:$C,"",0) -> Lyra | G13: –
A14: 1 | B14: 45689 | C14: =TEXT(B14,"mm") -> 02 | D14: =UPPER(TEXT(B14,"mmmm")) -> FEBRERO | E14: Yoga y Yoga Columpio | F14: =_xlfn.XLOOKUP(E14,MAPEO!$B:$B,MAPEO!$C:$C,"",0) -> Yoga y Yoga Columpio | G14: –
A15: 1 | B15: 45689 | C15: =TEXT(B15,"mm") -> 02 | D15: =UPPER(TEXT(B15,"mmmm")) -> FEBRERO | E15: Pole Sport | F15: =_xlfn.XLOOKUP(E15,MAPEO!$B:$B,MAPEO!$C:$C,"",0) -> Pole Sport | G15: –
A16: 1 | B16: 45689 | C16: =TEXT(B16,"mm") -> 02 | D16: =UPPER(TEXT(B16,"mmmm")) -> FEBRERO | E16: Acro Kids | F16: =_xlfn.XLOOKUP(E16,MAPEO!$B:$B,MAPEO!$C:$C,"",0) -> Acro Kids | G16: –
A17: 1 | B17: 45689 | C17: =TEXT(B17,"mm") -> 02 | D17: =UPPER(TEXT(B17,"mmmm")) -> FEBRERO | E17: Calistenia Kids | F17: =_xlfn.XLOOKUP(E17,MAPEO!$B:$B,MAPEO!$C:$C,"",0) -> Calistenia | G17: –
A18: 1 | B18: 45689 | C18: =TEXT(B18,"mm") -> 02 | D18: =UPPER(TEXT(B18,"mmmm")) -> FEBRERO | E18: Movimiento Consciente | F18: =_xlfn.XLOOKUP(E18,MAPEO!$B:$B,MAPEO!$C:$C,"",0) -> Movimiento Consciente | G18: –
A19: 1 | B19: 45689 | C19: =TEXT(B19,"mm") -> 02 | D19: =UPPER(TEXT(B19,"mmmm")) -> FEBRERO | E19: Cross Traning | F19: =_xlfn.XLOOKUP(E19,MAPEO!$B:$B,MAPEO!$C:$C,"",0) -> Cross Traning | G19: –
A20: 1 | B20: 45689 | C20: =TEXT(B20,"mm") -> 02 | D20: =UPPER(TEXT(B20,"mmmm")) -> FEBRERO | E20: Funcional | F20: =_xlfn.XLOOKUP(E20,MAPEO!$B:$B,MAPEO!$C:$C,"",0) -> Funcional | G20: –
A21: 1 | B21: 45689 | C21: =TEXT(B21,"mm") -> 02 | D21: =UPPER(TEXT(B21,"mmmm")) -> FEBRERO | E21: EFA | F21: =_xlfn.XLOOKUP(E21,MAPEO!$B:$B,MAPEO!$C:$C,"",0) -> EFA | G21: –
A22: 1 | B22: 45689 | C22: =TEXT(B22,"mm") -> 02 | D22: =UPPER(TEXT(B22,"mmmm")) -> FEBRERO | E22: Personalizados Marco | F22: =_xlfn.XLOOKUP(E22,MAPEO!$B:$B,MAPEO!$C:$C,"",0) -> Personalizados | G22: =_xlfn.XLOOKUP(E22,MAPEO!$B:$B,MAPEO!$D:$D,"",0) -> Marco
A23: 1 | B23: 45689 | C23: =TEXT(B23,"mm") -> 02 | D23: =UPPER(TEXT(B23,"mmmm")) -> FEBRERO | E23: Personalizados Lean | F23: =_xlfn.XLOOKUP(E23,MAPEO!$B:$B,MAPEO!$C:$C,"",0) -> Personalizados | G23: =_xlfn.XLOOKUP(E23,MAPEO!$B:$B,MAPEO!$D:$D,"",0) -> Lean
A24: 1 | B24: 45717 | C24: =TEXT(B24,"mm") -> 03 | D24: =UPPER(TEXT(B24,"mmmm")) -> MARZO | E24: Calistenia Edd | F24: =_xlfn.XLOOKUP(E24,MAPEO!$B:$B,MAPEO!$C:$C,"",0) -> Calistenia | G24: =_xlfn.XLOOKUP(E24,MAPEO!$B:$B,MAPEO!$D:$D,"",0) -> Edd | H24: 13
A25: 1 | B25: 45717 | C25: =TEXT(B25,"mm") -> 03 | D25: =UPPER(TEXT(B25,"mmmm")) -> MARZO | E25: Calistenia Martin | F25: =_xlfn.XLOOKUP(E25,MAPEO!$B:$B,MAPEO!$C:$C,"",0) -> Calistenia | G25: =_xlfn.XLOOKUP(E25,MAPEO!$B:$B,MAPEO!$D:$D,"",0) -> Martin | H25: 14
A26: 1 | B26: 45717 | C26: =TEXT(B26,"mm") -> 03 | D26: =UPPER(TEXT(B26,"mmmm")) -> MARZO | E26: Calistenia Agus | F26: =_xlfn.XLOOKUP(E26,MAPEO!$B:$B,MAPEO!$C:$C,"",0) -> Calistenia | G26: =_xlfn.XLOOKUP(E26,MAPEO!$B:$B,MAPEO!$D:$D,"",0) -> Agus | H26: 17
A27: 1 | B27: 45717 | C27: =TEXT(B27,"mm") -> 03 | D27: =UPPER(TEXT(B27,"mmmm")) -> MARZO | E27: Calistenia Lazaro | F27: =_xlfn.XLOOKUP(E27,MAPEO!$B:$B,MAPEO!$C:$C,"",0) -> Calistenia | G27: =_xlfn.XLOOKUP(E27,MAPEO!$B:$B,MAPEO!$D:$D,"",0) -> Lazaro | H27: 6
A28: 1 | B28: 45717 | C28: =TEXT(B28,"mm") -> 03 | D28: =UPPER(TEXT(B28,"mmmm")) -> MARZO | E28: Calistenia Paula | F28: =_xlfn.XLOOKUP(E28,MAPEO!$B:$B,MAPEO!$C:$C,"",0) -> Calistenia | G28: =_xlfn.XLOOKUP(E28,MAPEO!$B:$B,MAPEO!$D:$D,"",0) -> Paula | H28: 3
A29: 1 | B29: 45717 | C29: =TEXT(B29,"mm") -> 03 | D29: =UPPER(TEXT(B29,"mmmm")) -> MARZO | E29: Boxeo y Kickboxing Mariano | F29: =_xlfn.XLOOKUP(E29,MAPEO!$B:$B,MAPEO!$C:$C,"",0) -> Boxeo | G29: =_xlfn.XLOOKUP(E29,MAPEO!$B:$B,MAPEO!$D:$D,"",0) -> Mariano | H29: 11 | I29: pase flex nestor y mariano ESTE ULTIMO(1)
A30: 1 | B30: 45717 | C30: =TEXT(B30,"mm") -> 03 | D30: =UPPER(TEXT(B30,"mmmm")) -> MARZO | E30: Boxeo tito | F30: =_xlfn.XLOOKUP(E30,MAPEO!$B:$B,MAPEO!$C:$C,"",0) -> Boxeo | G30: =_xlfn.XLOOKUP(E30,MAPEO!$B:$B,MAPEO!$D:$D,"",0) -> tito | H30: 8
A31: 1 | B31: 45717 | C31: =TEXT(B31,"mm") -> 03 | D31: =UPPER(TEXT(B31,"mmmm")) -> MARZO | E31: MMA | F31: =_xlfn.XLOOKUP(E31,MAPEO!$B:$B,MAPEO!$C:$C,"",0) -> MMA | G31: – | H31: 2
A32: 1 | B32: 45717 | C32: =TEXT(B32,"mm") -> 03 | D32: =UPPER(TEXT(B32,"mmmm")) -> MARZO | E32: Karate | F32: =_xlfn.XLOOKUP(E32,MAPEO!$B:$B,MAPEO!$C:$C,"",0) -> Karate | G32: – | H32: 0
A33: 1 | B33: 45717 | C33: =TEXT(B33,"mm") -> 03 | D33: =UPPER(TEXT(B33,"mmmm")) -> MARZO | E33: Taekwondo | F33: =_xlfn.XLOOKUP(E33,MAPEO!$B:$B,MAPEO!$C:$C,"",0) -> Taekwondo | G33: – | H33: 2
A34: 1 | B34: 45717 | C34: =TEXT(B34,"mm") -> 03 | D34: =UPPER(TEXT(B34,"mmmm")) -> MARZO | E34: Tela | F34: =_xlfn.XLOOKUP(E34,MAPEO!$B:$B,MAPEO!$C:$C,"",0) -> Tela | G34: – | H34: 3
A35: 1 | B35: 45717 | C35: =TEXT(B35,"mm") -> 03 | D35: =UPPER(TEXT(B35,"mmmm")) -> MARZO | E35: Lyra | F35: =_xlfn.XLOOKUP(E35,MAPEO!$B:$B,MAPEO!$C:$C,"",0) -> Lyra | G35: – | H35: 3
A36: 1 | B36: 45717 | C36: =TEXT(B36,"mm") -> 03 | D36: =UPPER(TEXT(B36,"mmmm")) -> MARZO | E36: Yoga y Yoga Columpio | F36: =_xlfn.XLOOKUP(E36,MAPEO!$B:$B,MAPEO!$C:$C,"",0) -> Yoga y Yoga Columpio | G36: – | H36: 0
A37: 1 | B37: 45717 | C37: =TEXT(B37,"mm") -> 03 | D37: =UPPER(TEXT(B37,"mmmm")) -> MARZO | E37: Pole Sport | F37: =_xlfn.XLOOKUP(E37,MAPEO!$B:$B,MAPEO!$C:$C,"",0) -> Pole Sport | G37: – | H37: 13
A38: 1 | B38: 45717 | C38: =TEXT(B38,"mm") -> 03 | D38: =UPPER(TEXT(B38,"mmmm")) -> MARZO | E38: Acro Kids | F38: =_xlfn.XLOOKUP(E38,MAPEO!$B:$B,MAPEO!$C:$C,"",0) -> Acro Kids | G38: – | H38: 3
A39: 1 | B39: 45717 | C39: =TEXT(B39,"mm") -> 03 | D39: =UPPER(TEXT(B39,"mmmm")) -> MARZO | E39: Calistenia Kids | F39: =_xlfn.XLOOKUP(E39,MAPEO!$B:$B,MAPEO!$C:$C,"",0) -> Calistenia | G39: – | H39: 2
A40: 1 | B40: 45717 | C40: =TEXT(B40,"mm") -> 03 | D40: =UPPER(TEXT(B40,"mmmm")) -> MARZO | E40: Movimiento Consciente | F40: =_xlfn.XLOOKUP(E40,MAPEO!$B:$B,MAPEO!$C:$C,"",0) -> Movimiento Consciente | G40: – | H40: 1
A41: 1 | B41: 45717 | C41: =TEXT(B41,"mm") -> 03 | D41: =UPPER(TEXT(B41,"mmmm")) -> MARZO | E41: Cross Traning | F41: =_xlfn.XLOOKUP(E41,MAPEO!$B:$B,MAPEO!$C:$C,"",0) -> Cross Traning | G41: – | H41: 3
A42: 1 | B42: 45717 | C42: =TEXT(B42,"mm") -> 03 | D42: =UPPER(TEXT(B42,"mmmm")) -> MARZO | E42: Funcional | F42: =_xlfn.XLOOKUP(E42,MAPEO!$B:$B,MAPEO!$C:$C,"",0) -> Funcional | G42: – | H42: 23 | I42: 1 semestral y 2 trimestral
A43: 1 | B43: 45717 | C43: =TEXT(B43,"mm") -> 03 | D43: =UPPER(TEXT(B43,"mmmm")) -> MARZO | E43: EFA | F43: =_xlfn.XLOOKUP(E43,MAPEO!$B:$B,MAPEO!$C:$C,"",0) -> EFA | G43: – | H43: 3
A44: 1 | B44: 45717 | C44: =TEXT(B44,"mm") -> 03 | D44: =UPPER(TEXT(B44,"mmmm")) -> MARZO | E44: Personalizados Marco | F44: =_xlfn.XLOOKUP(E44,MAPEO!$B:$B,MAPEO!$C:$C,"",0) -> Personalizados | G44: =_xlfn.XLOOKUP(E44,MAPEO!$B:$B,MAPEO!$D:$D,"",0) -> Marco | H44: 10 | I44: 5 VIEJOS 5 NUEVOS
A45: 1 | B45: 45717 | C45: =TEXT(B45,"mm") -> 03 | D45: =UPPER(TEXT(B45,"mmmm")) -> MARZO | E45: Personalizados Lean | F45: =_xlfn.XLOOKUP(E45,MAPEO!$B:$B,MAPEO!$C:$C,"",0) -> Personalizados | G45: =_xlfn.XLOOKUP(E45,MAPEO!$B:$B,MAPEO!$D:$D,"",0) -> Lean | H45: 1
A46: 1 | B46: 45748 | C46: =TEXT(B46,"mm") -> 04 | D46: =UPPER(TEXT(B46,"mmmm")) -> ABRIL | E46: Calistenia Edd | F46: =_xlfn.XLOOKUP(E46,MAPEO!$B:$B,MAPEO!$C:$C,"",0) -> Calistenia | G46: =_xlfn.XLOOKUP(E46,MAPEO!$B:$B,MAPEO!$D:$D,"",0) -> Edd | H46: 30
A47: =A46 -> 1 | B47: 45748 | C47: =TEXT(B47,"mm") -> 04 | D47: =UPPER(TEXT(B47,"mmmm")) -> ABRIL | E47: Calistenia Martin | F47: =_xlfn.XLOOKUP(E47,MAPEO!$B:$B,MAPEO!$C:$C,"",0) -> Calistenia | G47: =_xlfn.XLOOKUP(E47,MAPEO!$B:$B,MAPEO!$D:$D,"",0) -> Martin | H47: 26
A48: =A47 -> 1 | B48: 45748 | C48: =TEXT(B48,"mm") -> 04 | D48: =UPPER(TEXT(B48,"mmmm")) -> ABRIL | E48: Calistenia Agus | F48: =_xlfn.XLOOKUP(E48,MAPEO!$B:$B,MAPEO!$C:$C,"",0) -> Calistenia | G48: =_xlfn.XLOOKUP(E48,MAPEO!$B:$B,MAPEO!$D:$D,"",0) -> Agus | H48: 14
A49: =A48 -> 1 | B49: 45748 | C49: =TEXT(B49,"mm") -> 04 | D49: =UPPER(TEXT(B49,"mmmm")) -> ABRIL | E49: Calistenia Lazaro | F49: =_xlfn.XLOOKUP(E49,MAPEO!$B:$B,MAPEO!$C:$C,"",0) -> Calistenia | G49: =_xlfn.XLOOKUP(E49,MAPEO!$B:$B,MAPEO!$D:$D,"",0) -> Lazaro | H49: 14
A50: =A49 -> 1 | B50: 45748 | C50: =TEXT(B50,"mm") -> 04 | D50: =UPPER(TEXT(B50,"mmmm")) -> ABRIL | E50: Calistenia Paula | F50: =_xlfn.XLOOKUP(E50,MAPEO!$B:$B,MAPEO!$C:$C,"",0) -> Calistenia | G50: =_xlfn.XLOOKUP(E50,MAPEO!$B:$B,MAPEO!$D:$D,"",0) -> Paula | H50: 5
A51: =A50 -> 1 | B51: 45748 | C51: =TEXT(B51,"mm") -> 04 | D51: =UPPER(TEXT(B51,"mmmm")) -> ABRIL | E51: Boxeo y Kickboxing Mariano | F51: =_xlfn.XLOOKUP(E51,MAPEO!$B:$B,MAPEO!$C:$C,"",0) -> Boxeo | G51: =_xlfn.XLOOKUP(E51,MAPEO!$B:$B,MAPEO!$D:$D,"",0) -> Mariano | H51: 39
A52: =A51 -> 1 | B52: 45748 | C52: =TEXT(B52,"mm") -> 04 | D52: =UPPER(TEXT(B52,"mmmm")) -> ABRIL | E52: Boxeo tito | F52: =_xlfn.XLOOKUP(E52,MAPEO!$B:$B,MAPEO!$C:$C,"",0) -> Boxeo | G52: =_xlfn.XLOOKUP(E52,MAPEO!$B:$B,MAPEO!$D:$D,"",0) -> tito | H52: 21
A53: =A52 -> 1 | B53: 45748 | C53: =TEXT(B53,"mm") -> 04 | D53: =UPPER(TEXT(B53,"mmmm")) -> ABRIL | E53: MMA | F53: =_xlfn.XLOOKUP(E53,MAPEO!$B:$B,MAPEO!$C:$C,"",0) -> MMA | G53: – | H53: 9
A54: =A53 -> 1 | B54: 45748 | C54: =TEXT(B54,"mm") -> 04 | D54: =UPPER(TEXT(B54,"mmmm")) -> ABRIL | E54: Karate | F54: =_xlfn.XLOOKUP(E54,MAPEO!$B:$B,MAPEO!$C:$C,"",0) -> Karate | G54: – | H54: 1
A55: =A54 -> 1 | B55: 45748 | C55: =TEXT(B55,"mm") -> 04 | D55: =UPPER(TEXT(B55,"mmmm")) -> ABRIL | E55: JIU JITSU | F55: =_xlfn.XLOOKUP(E55,MAPEO!$B:$B,MAPEO!$C:$C,"",0) -> JIU JITSU | G55: – | H55: 7
A56: =A55 -> 1 | B56: 45748 | C56: =TEXT(B56,"mm") -> 04 | D56: =UPPER(TEXT(B56,"mmmm")) -> ABRIL | E56: Tela | F56: =_xlfn.XLOOKUP(E56,MAPEO!$B:$B,MAPEO!$C:$C,"",0) -> Tela | G56: – | H56: 6
A57: =A56 -> 1 | B57: 45748 | C57: =TEXT(B57,"mm") -> 04 | D57: =UPPER(TEXT(B57,"mmmm")) -> ABRIL | E57: Lyra | F57: =_xlfn.XLOOKUP(E57,MAPEO!$B:$B,MAPEO!$C:$C,"",0) -> Lyra | G57: – | H57: 8
A58: =A57 -> 1 | B58: 45748 | C58: =TEXT(B58,"mm") -> 04 | D58: =UPPER(TEXT(B58,"mmmm")) -> ABRIL | E58: Yoga y Yoga Columpio | F58: =_xlfn.XLOOKUP(E58,MAPEO!$B:$B,MAPEO!$C:$C,"",0) -> Yoga y Yoga Columpio | G58: – | H58: 4
A59: =A58 -> 1 | B59: 45748 | C59: =TEXT(B59,"mm") -> 04 | D59: =UPPER(TEXT(B59,"mmmm")) -> ABRIL | E59: Pole Sport | F59: =_xlfn.XLOOKUP(E59,MAPEO!$B:$B,MAPEO!$C:$C,"",0) -> Pole Sport | G59: – | H59: 18
A60: =A59 -> 1 | B60: 45748 | C60: =TEXT(B60,"mm") -> 04 | D60: =UPPER(TEXT(B60,"mmmm")) -> ABRIL | E60: Acro Kids | F60: =_xlfn.XLOOKUP(E60,MAPEO!$B:$B,MAPEO!$C:$C,"",0) -> Acro Kids | G60: – | H60: 5
A61: =A60 -> 1 | B61: 45748 | C61: =TEXT(B61,"mm") -> 04 | D61: =UPPER(TEXT(B61,"mmmm")) -> ABRIL | E61: Calistenia Kids | F61: =_xlfn.XLOOKUP(E61,MAPEO!$B:$B,MAPEO!$C:$C,"",0) -> Calistenia | G61: – | H61: 5
A62: =A61 -> 1 | B62: 45748 | C62: =TEXT(B62,"mm") -> 04 | D62: =UPPER(TEXT(B62,"mmmm")) -> ABRIL | E62: Movimiento Consciente | F62: =_xlfn.XLOOKUP(E62,MAPEO!$B:$B,MAPEO!$C:$C,"",0) -> Movimiento Consciente | G62: – | H62: 6
A63: =A62 -> 1 | B63: 45748 | C63: =TEXT(B63,"mm") -> 04 | D63: =UPPER(TEXT(B63,"mmmm")) -> ABRIL | E63: Cross Traning | F63: =_xlfn.XLOOKUP(E63,MAPEO!$B:$B,MAPEO!$C:$C,"",0) -> Cross Traning | G63: – | H63: 4
A64: =A63 -> 1 | B64: 45748 | C64: =TEXT(B64,"mm") -> 04 | D64: =UPPER(TEXT(B64,"mmmm")) -> ABRIL | E64: Funcional | F64: =_xlfn.XLOOKUP(E64,MAPEO!$B:$B,MAPEO!$C:$C,"",0) -> Funcional | G64: – | H64: 91
A65: =A64 -> 1 | B65: 45748 | C65: =TEXT(B65,"mm") -> 04 | D65: =UPPER(TEXT(B65,"mmmm")) -> ABRIL | E65: EFA | F65: =_xlfn.XLOOKUP(E65,MAPEO!$B:$B,MAPEO!$C:$C,"",0) -> EFA | G65: – | H65: 13
A66: =A65 -> 1 | B66: 45748 | C66: =TEXT(B66,"mm") -> 04 | D66: =UPPER(TEXT(B66,"mmmm")) -> ABRIL | E66: Personalizados Marco | F66: =_xlfn.XLOOKUP(E66,MAPEO!$B:$B,MAPEO!$C:$C,"",0) -> Personalizados | G66: =_xlfn.XLOOKUP(E66,MAPEO!$B:$B,MAPEO!$D:$D,"",0) -> Marco | H66: 20
A67: =A66 -> 1 | B67: 45748 | C67: =TEXT(B67,"mm") -> 04 | D67: =UPPER(TEXT(B67,"mmmm")) -> ABRIL | E67: Personalizados Lean | F67: =_xlfn.XLOOKUP(E67,MAPEO!$B:$B,MAPEO!$C:$C,"",0) -> Personalizados | G67: =_xlfn.XLOOKUP(E67,MAPEO!$B:$B,MAPEO!$D:$D,"",0) -> Lean | H67: 0
A68: =A67 -> 1 | B68: 45748 | C68: =TEXT(B68,"mm") -> 04 | D68: =UPPER(TEXT(B68,"mmmm")) -> ABRIL | E68: Nutricion | F68: =_xlfn.XLOOKUP(E68,MAPEO!$B:$B,MAPEO!$C:$C,"",0) -> Nutricion | G68: –
A69: 1 | B69: 45778 | C69: =TEXT(B69,"mm") -> 05 | D69: =UPPER(TEXT(B69,"mmmm")) -> MAYO | E69: Calistenia Edd | F69: =_xlfn.XLOOKUP(E69,MAPEO!$B:$B,MAPEO!$C:$C,"",0) -> Calistenia | G69: =_xlfn.XLOOKUP(E69,MAPEO!$B:$B,MAPEO!$D:$D,"",0) -> Edd | H69: 26
A70: =A69 -> 1 | B70: 45778 | C70: =TEXT(B70,"mm") -> 05 | D70: =UPPER(TEXT(B70,"mmmm")) -> MAYO | E70: Calistenia Martin | F70: =_xlfn.XLOOKUP(E70,MAPEO!$B:$B,MAPEO!$C:$C,"",0) -> Calistenia | G70: =_xlfn.XLOOKUP(E70,MAPEO!$B:$B,MAPEO!$D:$D,"",0) -> Martin | H70: 38
A71: =A70 -> 1 | B71: 45778 | C71: =TEXT(B71,"mm") -> 05 | D71: =UPPER(TEXT(B71,"mmmm")) -> MAYO | E71: Calistenia / CALI KIDS Agus | F71: =_xlfn.XLOOKUP(E71,MAPEO!$B:$B,MAPEO!$C:$C,"",0) -> Calistenia | G71: =_xlfn.XLOOKUP(E71,MAPEO!$B:$B,MAPEO!$D:$D,"",0) -> Agus | H71: 20
A72: =A71 -> 1 | B72: 45778 | C72: =TEXT(B72,"mm") -> 05 | D72: =UPPER(TEXT(B72,"mmmm")) -> MAYO | E72: Calistenia Lazaro | F72: =_xlfn.XLOOKUP(E72,MAPEO!$B:$B,MAPEO!$C:$C,"",0) -> Calistenia | G72: =_xlfn.XLOOKUP(E72,MAPEO!$B:$B,MAPEO!$D:$D,"",0) -> Lazaro | H72: 16
A73: =A72 -> 1 | B73: 45778 | C73: =TEXT(B73,"mm") -> 05 | D73: =UPPER(TEXT(B73,"mmmm")) -> MAYO | E73: Calistenia Paula | F73: =_xlfn.XLOOKUP(E73,MAPEO!$B:$B,MAPEO!$C:$C,"",0) -> Calistenia | G73: =_xlfn.XLOOKUP(E73,MAPEO!$B:$B,MAPEO!$D:$D,"",0) -> Paula | H73: 9
A74: =A73 -> 1 | B74: 45778 | C74: =TEXT(B74,"mm") -> 05 | D74: =UPPER(TEXT(B74,"mmmm")) -> MAYO | E74: Boxeo y Kickboxing Mariano | F74: =_xlfn.XLOOKUP(E74,MAPEO!$B:$B,MAPEO!$C:$C,"",0) -> Boxeo | G74: =_xlfn.XLOOKUP(E74,MAPEO!$B:$B,MAPEO!$D:$D,"",0) -> Mariano | H74: 32
A75: =A74 -> 1 | B75: 45778 | C75: =TEXT(B75,"mm") -> 05 | D75: =UPPER(TEXT(B75,"mmmm")) -> MAYO | E75: Boxeo tito | F75: =_xlfn.XLOOKUP(E75,MAPEO!$B:$B,MAPEO!$C:$C,"",0) -> Boxeo | G75: =_xlfn.XLOOKUP(E75,MAPEO!$B:$B,MAPEO!$D:$D,"",0) -> tito | H75: 17
A76: =A75 -> 1 | B76: 45778 | C76: =TEXT(B76,"mm") -> 05 | D76: =UPPER(TEXT(B76,"mmmm")) -> MAYO | E76: MMA | F76: =_xlfn.XLOOKUP(E76,MAPEO!$B:$B,MAPEO!$C:$C,"",0) -> MMA | G76: – | H76: 7
A77: =A76 -> 1 | B77: 45778 | C77: =TEXT(B77,"mm") -> 05 | D77: =UPPER(TEXT(B77,"mmmm")) -> MAYO | E77: Karate | F77: =_xlfn.XLOOKUP(E77,MAPEO!$B:$B,MAPEO!$C:$C,"",0) -> Karate | G77: – | H77: 2
A78: =A77 -> 1 | B78: 45778 | C78: =TEXT(B78,"mm") -> 05 | D78: =UPPER(TEXT(B78,"mmmm")) -> MAYO | E78: Tela | F78: =_xlfn.XLOOKUP(E78,MAPEO!$B:$B,MAPEO!$C:$C,"",0) -> Tela | G78: – | H78: 3
A79: =A78 -> 1 | B79: 45778 | C79: =TEXT(B79,"mm") -> 05 | D79: =UPPER(TEXT(B79,"mmmm")) -> MAYO | E79: Lyra | F79: =_xlfn.XLOOKUP(E79,MAPEO!$B:$B,MAPEO!$C:$C,"",0) -> Lyra | G79: – | H79: 7
A80: =A79 -> 1 | B80: 45778 | C80: =TEXT(B80,"mm") -> 05 | D80: =UPPER(TEXT(B80,"mmmm")) -> MAYO | E80: Yoga y Yoga Columpio | F80: =_xlfn.XLOOKUP(E80,MAPEO!$B:$B,MAPEO!$C:$C,"",0) -> Yoga y Yoga Columpio | G80: – | H80: 2
A81: =A80 -> 1 | B81: 45778 | C81: =TEXT(B81,"mm") -> 05 | D81: =UPPER(TEXT(B81,"mmmm")) -> MAYO | E81: Pole Sport | F81: =_xlfn.XLOOKUP(E81,MAPEO!$B:$B,MAPEO!$C:$C,"",0) -> Pole Sport | G81: – | H81: 15
A82: =A81 -> 1 | B82: 45778 | C82: =TEXT(B82,"mm") -> 05 | D82: =UPPER(TEXT(B82,"mmmm")) -> MAYO | E82: Acro Kids | F82: =_xlfn.XLOOKUP(E82,MAPEO!$B:$B,MAPEO!$C:$C,"",0) -> Acro Kids | G82: – | H82: 6
A83: =A82 -> 1 | B83: 45778 | C83: =TEXT(B83,"mm") -> 05 | D83: =UPPER(TEXT(B83,"mmmm")) -> MAYO | E83: Calistenia Kids | F83: =_xlfn.XLOOKUP(E83,MAPEO!$B:$B,MAPEO!$C:$C,"",0) -> Calistenia | G83: –
A84: =A83 -> 1 | B84: 45778 | C84: =TEXT(B84,"mm") -> 05 | D84: =UPPER(TEXT(B84,"mmmm")) -> MAYO | E84: Movimiento Consciente | F84: =_xlfn.XLOOKUP(E84,MAPEO!$B:$B,MAPEO!$C:$C,"",0) -> Movimiento Consciente | G84: – | H84: 4
A85: =A84 -> 1 | B85: 45778 | C85: =TEXT(B85,"mm") -> 05 | D85: =UPPER(TEXT(B85,"mmmm")) -> MAYO | E85: Cross Traning | F85: =_xlfn.XLOOKUP(E85,MAPEO!$B:$B,MAPEO!$C:$C,"",0) -> Cross Traning | G85: – | H85: 2
A86: =A85 -> 1 | B86: 45778 | C86: =TEXT(B86,"mm") -> 05 | D86: =UPPER(TEXT(B86,"mmmm")) -> MAYO | E86: Funcional | F86: =_xlfn.XLOOKUP(E86,MAPEO!$B:$B,MAPEO!$C:$C,"",0) -> Funcional | G86: – | H86: 74
A87: =A86 -> 1 | B87: 45778 | C87: =TEXT(B87,"mm") -> 05 | D87: =UPPER(TEXT(B87,"mmmm")) -> MAYO | E87: EFA | F87: =_xlfn.XLOOKUP(E87,MAPEO!$B:$B,MAPEO!$C:$C,"",0) -> EFA | G87: – | H87: 18
A88: 1 | B88: 45809 | C88: =TEXT(B88,"mm") -> 06 | D88: =UPPER(TEXT(B88,"mmmm")) -> JUNIO | E88: Calistenia Edd | F88: =_xlfn.XLOOKUP(E88,MAPEO!$B:$B,MAPEO!$C:$C,"",0) -> Calistenia | G88: =_xlfn.XLOOKUP(E88,MAPEO!$B:$B,MAPEO!$D:$D,"",0) -> Edd
A89: =A88 -> 1 | B89: 45809 | C89: =TEXT(B89,"mm") -> 06 | D89: =UPPER(TEXT(B89,"mmmm")) -> JUNIO | E89: Calistenia Martin | F89: =_xlfn.XLOOKUP(E89,MAPEO!$B:$B,MAPEO!$C:$C,"",0) -> Calistenia | G89: =_xlfn.XLOOKUP(E89,MAPEO!$B:$B,MAPEO!$D:$D,"",0) -> Martin
A90: =A89 -> 1 | B90: 45809 | C90: =TEXT(B90,"mm") -> 06 | D90: =UPPER(TEXT(B90,"mmmm")) -> JUNIO | E90: Calistenia Agus | F90: =_xlfn.XLOOKUP(E90,MAPEO!$B:$B,MAPEO!$C:$C,"",0) -> Calistenia | G90: =_xlfn.XLOOKUP(E90,MAPEO!$B:$B,MAPEO!$D:$D,"",0) -> Agus
A91: =A90 -> 1 | B91: 45809 | C91: =TEXT(B91,"mm") -> 06 | D91: =UPPER(TEXT(B91,"mmmm")) -> JUNIO | E91: Calistenia Lazaro | F91: =_xlfn.XLOOKUP(E91,MAPEO!$B:$B,MAPEO!$C:$C,"",0) -> Calistenia | G91: =_xlfn.XLOOKUP(E91,MAPEO!$B:$B,MAPEO!$D:$D,"",0) -> Lazaro
A92: =A91 -> 1 | B92: 45809 | C92: =TEXT(B92,"mm") -> 06 | D92: =UPPER(TEXT(B92,"mmmm")) -> JUNIO | E92: Calistenia Paula | F92: =_xlfn.XLOOKUP(E92,MAPEO!$B:$B,MAPEO!$C:$C,"",0) -> Calistenia | G92: =_xlfn.XLOOKUP(E92,MAPEO!$B:$B,MAPEO!$D:$D,"",0) -> Paula
A93: =A92 -> 1 | B93: 45809 | C93: =TEXT(B93,"mm") -> 06 | D93: =UPPER(TEXT(B93,"mmmm")) -> JUNIO | E93: Boxeo y Kickboxing Mariano | F93: =_xlfn.XLOOKUP(E93,MAPEO!$B:$B,MAPEO!$C:$C,"",0) -> Boxeo | G93: =_xlfn.XLOOKUP(E93,MAPEO!$B:$B,MAPEO!$D:$D,"",0) -> Mariano
A94: =A93 -> 1 | B94: 45809 | C94: =TEXT(B94,"mm") -> 06 | D94: =UPPER(TEXT(B94,"mmmm")) -> JUNIO | E94: Boxeo tito | F94: =_xlfn.XLOOKUP(E94,MAPEO!$B:$B,MAPEO!$C:$C,"",0) -> Boxeo | G94: =_xlfn.XLOOKUP(E94,MAPEO!$B:$B,MAPEO!$D:$D,"",0) -> tito
A95: =A94 -> 1 | B95: 45809 | C95: =TEXT(B95,"mm") -> 06 | D95: =UPPER(TEXT(B95,"mmmm")) -> JUNIO | E95: MMA | F95: =_xlfn.XLOOKUP(E95,MAPEO!$B:$B,MAPEO!$C:$C,"",0) -> MMA | G95: –
A96: =A95 -> 1 | B96: 45809 | C96: =TEXT(B96,"mm") -> 06 | D96: =UPPER(TEXT(B96,"mmmm")) -> JUNIO | E96: Karate | F96: =_xlfn.XLOOKUP(E96,MAPEO!$B:$B,MAPEO!$C:$C,"",0) -> Karate | G96: –
A97: =A96 -> 1 | B97: 45809 | C97: =TEXT(B97,"mm") -> 06 | D97: =UPPER(TEXT(B97,"mmmm")) -> JUNIO | E97: Taekwondo | F97: =_xlfn.XLOOKUP(E97,MAPEO!$B:$B,MAPEO!$C:$C,"",0) -> Taekwondo | G97: –
A98: =A97 -> 1 | B98: 45809 | C98: =TEXT(B98,"mm") -> 06 | D98: =UPPER(TEXT(B98,"mmmm")) -> JUNIO | E98: Tela | F98: =_xlfn.XLOOKUP(E98,MAPEO!$B:$B,MAPEO!$C:$C,"",0) -> Tela | G98: –
A99: =A98 -> 1 | B99: 45809 | C99: =TEXT(B99,"mm") -> 06 | D99: =UPPER(TEXT(B99,"mmmm")) -> JUNIO | E99: Lyra | F99: =_xlfn.XLOOKUP(E99,MAPEO!$B:$B,MAPEO!$C:$C,"",0) -> Lyra | G99: –
A100: =A99 -> 1 | B100: 45809 | C100: =TEXT(B100,"mm") -> 06 | D100: =UPPER(TEXT(B100,"mmmm")) -> JUNIO | E100: Yoga y Yoga Columpio | F100: =_xlfn.XLOOKUP(E100,MAPEO!$B:$B,MAPEO!$C:$C,"",0) -> Yoga y Yoga Columpio | G100: –
...

Sheet 4 – TABLAS
A1: ALUMNOS POR ACTIVIDAD
A2: ACTIVIDAD GLOBAL | B2: CONTEO DE ALUMNOS
A3: Acro Kids | B3: 72
A4: Boxeo | B4: 520
A5: Calistenia | B5: 1058
A6: Cross Traning | B6: 33
A7: EFA | B7: 101
A8: Funcional | B8: 915
A9: JIU JITSU | B9: 24
A10: Karate | B10: 17
A11: Lyra | B11: 89
A12: MMA | B12: 37
A13: MMA+BOXEO | B13: 25
A14: Movimiento Consciente | B14: 36
A15: Nutricion
A16: Personalizados | B16: 206
A17: Pole Sport | B17: 216
A18: Taekwondo | B18: 7
A19: Tela | B19: 54
A20: Yoga y Yoga Columpio | B20: 32
A21: Total general | B21: 3442
A24: ALUMNOS POR PROFESOR
A25: PROFESOR | B25: CONTEO DE ALUMNOS
A26: Agus | B26: 186
A27: Edd | B27: 295
A28: Lazaro | B28: 150
A29: Lean | B29: 15
A30: Marco | B30: 191
A31: Mariano | B31: 313
A32: Martin | B32: 332
A33: Paula | B33: 64
A34: tito | B34: 207
A35: Total general | B35: 1753
A39: ALUMNOS POR MES
A40: MES NOMBRE | B40: CONTEO DE ALUMNOS
A41: FEBRERO | B41: 713
A42: MARZO | B42: 1358
A43: ABRIL | B43: 1073
A44: MAYO | B44: 298
A45: JUNIO
A46: Total general | B46: 3442
A49: ALUMNOS POR ACTIVIDAD Y PROFESOR
A50: Suma de CANTIDAD DE ALUMNOS | B50: PROFESOR
A51: ACTIVIDAD GLOBAL | B51: – | C51: Agus | D51: Edd | E51: Lazaro | F51: Lean | G51: Marco | H51: Mariano | I51: Martin | J51: Paula | K51: tito | L51: Total general
A52: Acro Kids | B52: 72 | L52: 72
A53: Boxeo | H53: 313 | K53: 207 | L53: 520
A54: Calistenia | B54: 31 | C54: 186 | D54: 295 | E54: 150 | I54: 332 | J54: 64 | L54: 1058
A55: Cross Traning | B55: 33 | L55: 33
A56: EFA | B56: 101 | L56: 101
A57: Funcional | B57: 915 | L57: 915
A58: JIU JITSU | B58: 24 | L58: 24
A59: Karate | B59: 17 | L59: 17
A60: Lyra | B60: 89 | L60: 89
A61: MMA | B61: 37 | L61: 37
A62: MMA+BOXEO | B62: 25 | L62: 25
A63: Movimiento Consciente | B63: 36 | L63: 36
A64: Nutricion
A65: Personalizados | F65: 15 | G65: 191 | L65: 206
A66: Pole Sport | B66: 216 | L66: 216
A67: Taekwondo | B67: 7 | L67: 7
A68: Tela | B68: 54 | L68: 54
A69: Yoga y Yoga Columpio | B69: 32 | L69: 32
A70: Total general | B70: 1689 | C70: 186 | D70: 295 | E70: 150 | F70: 15 | G70: 191 | H70: 313 | I70: 332 | J70: 64 | K70: 207 | L70: 3442
A73: ALUMNOS POR MES Y SEMANA N°
A74: Suma de CANTIDAD DE ALUMNOS | B74: SEMANA
A75: MES NOMBRE | B75: 1 | C75: 2 | D75: 3 | E75: 4 | F75: Total general
A76: FEBRERO | D76: 345 | E76: 368 | F76: 713
A77: MARZO | B77: 141 | C77: 410 | D77: 424 | E77: 383 | F77: 1358
A78: ABRIL | B78: 346 | D78: 366 | E78: 361 | F78: 1073
A79: MAYO | B79: 298 | F79: 298
A80: Total general | B80: 785 | C80: 410 | D80: 1135 | E80: 1112 | F80: 3442
A84: CANTIDAD DE ALUMNOS POR ACTIVIDAD, MES, SEMANA N°
A85: Suma de CANTIDAD DE ALUMNOS | B85: MES NOMBRE | C85: SEMANA
B86: FEBRERO | C86: FEBRERO | D86: FEBRERO | E86: FEBRERO | F86: Total FEBRERO | G86: MARZO | H86: MARZO | I86: MARZO | J86: MARZO | K86: Total MARZO | L86: ABRIL | M86: ABRIL | N86: ABRIL | O86: ABRIL | P86: Total ABRIL | Q86: MAYO | R86: MAYO | S86: MAYO | T86: MAYO | U86: Total MAYO | V86: JUNIO | W86: JUNIO | X86: JUNIO | Y86: JUNIO | Z86: Total JUNIO | AA86: Total general
A87: ACTIVIDAD GLOBAL | B87: 1 | C87: 2 | D87: 3 | E87: 4 | G87: 1 | H87: 2 | I87: 3 | J87: 4 | L87: 1 | M87: 2 | N87: 3 | O87: 4 | Q87: 1 | R87: 2 | S87: 3 | T87: 4 | V87: 1 | W87: 2 | X87: 3 | Y87: 4
A88: Acro Kids | D88: 6 | E88: 7 | F88: 13 | G88: 3 | H88: 10 | I88: 10 | J88: 10 | K88: 33 | L88: 5 | N88: 7 | O88: 8 | P88: 20 | Q88: 6 | U88: 6 | AA88: 72
A89: Boxeo | D89: 41 | E89: 49 | F89: 90 | G89: 19 | H89: 61 | I89: 72 | J89: 60 | K89: 212 | L89: 60 | N89: 53 | O89: 56 | P89: 169 | Q89: 49 | U89: 49 | AA89: 520
A90: Calistenia | D90: 98 | E90: 104 | F90: 202 | G90: 55 | H90: 125 | I90: 122 | J90: 107 | K90: 409 | L90: 94 | N90: 122 | O90: 122 | P90: 338 | Q90: 109 | U90: 109 | AA90: 1058
A91: Cross Traning | D91: 2 | E91: 3 | F91: 5 | G91: 3 | H91: 4 | I91: 4 | J91: 4 | K91: 15 | L91: 4 | N91: 5 | O91: 2 | P91: 11 | Q91: 2 | U91: 2 | AA91: 33
A92: EFA | D92: 1 | E92: 2 | F92: 3 | G92: 3 | H92: 12 | I92: 14 | J92: 12 | K92: 41 | L92: 13 | N92: 12 | O92: 14 | P92: 39 | Q92: 18 | U92: 18 | AA92: 101
A93: Funcional | D93: 111 | E93: 111 | F93: 222 | G93: 23 | H93: 120 | I93: 116 | J93: 103 | K93: 362 | L93: 91 | N93: 85 | O93: 81 | P93: 257 | Q93: 74 | U93: 74 | AA93: 915
A94: JIU JITSU | I94: 6 | K94: 6 | L94: 7 | N94: 5 | O94: 6 | P94: 18 | AA94: 24
A95: Karate | D95: 1 | E95: 3 | F95: 4 | G95: 0 | H95: 2 | I95: 1 | J95: 3 | K95: 6 | L95: 1 | N95: 2 | O95: 2 | P95: 5 | Q95: 2 | U95: 2 | AA95: 17
A96: Lyra | D96: 10 | E96: 11 | F96: 21 | G96: 3 | H96: 9 | I96: 9 | J96: 12 | K96: 33 | L96: 8 | N96: 10 | O96: 10 | P96: 28 | Q96: 7 | U96: 7 | AA96: 89
A97: MMA | G97: 2 | J97: 6 | K97: 8 | L97: 9 | N97: 7 | O97: 6 | P97: 22 | Q97: 7 | U97: 7 | AA97: 37
A98: MMA+BOXEO | D98: 5 | E98: 4 | F98: 9 | H98: 8 | I98: 8 | K98: 16 | AA98: 25
A99: Movimiento Consciente | D99: 3 | E99: 3 | F99: 6 | G99: 1 | H99: 2 | I99: 6 | J99: 6 | K99: 15 | L99: 6 | N99: 3 | O99: 2 | P99: 11 | Q99: 4 | U99: 4 | AA99: 36
A100: Nutricion
A101: Personalizados | D101: 35 | E101: 38 | F101: 73 | G101: 11 | H101: 21 | I101: 24 | J101: 22 | K101: 78 | L101: 20 | N101: 20 | O101: 15 | P101: 55 | AA101: 206
A102: Pole Sport | D102: 22 | E102: 21 | F102: 43 | G102: 13 | H102: 29 | I102: 24 | J102: 27 | K102: 93 | L102: 18 | N102: 23 | O102: 24 | P102: 65 | Q102: 15 | U102: 15 | AA102: 216
A103: Taekwondo | D103: 2 | E103: 3 | F103: 5 | G103: 2 | K103: 2 | AA103: 7
A104: Tela | D104: 5 | E104: 5 | F104: 10 | G104: 3 | H104: 4 | I104: 4 | J104: 8 | K104: 19 | L104: 6 | N104: 8 | O104: 8 | P104: 22 | Q104: 3 | U104: 3 | AA104: 54
A105: Yoga y Yoga Columpio | D105: 3 | E105: 4 | F105: 7 | G105: 0 | H105: 3 | I105: 4 | J105: 3 | K105: 10 | L105: 4 | N105: 4 | O105: 5 | P105: 13 | Q105: 2 | U105: 2 | AA105: 32
A106: Total general | D106: 345 | E106: 368 | F106: 713 | G106: 141 | H106: 410 | I106: 424 | J106: 383 | K106: 1358 | L106: 346 | N106: 366 | O106: 361 | P106: 1073 | Q106: 298 | U106: 298 | AA106: 3442
A109: ALUMNOS POR MES Y SEMANA N°
A110: Suma de CANTIDAD DE ALUMNOS | B110: MES NOMBRE | C110: SEMANA
B111: FEBRERO | C111: FEBRERO | D111: FEBRERO | E111: FEBRERO | F111: MARZO | G111: MARZO | H111: MARZO | I111: MARZO | J111: ABRIL | K111: ABRIL | L111: ABRIL | M111: ABRIL | N111: MAYO | O111: MAYO | P111: MAYO | Q111: MAYO | R111: JUNIO | S111: JUNIO | T111: JUNIO | U111: JUNIO | V111: Total general
A112: PROFESOR | B112: 1 | C112: 2 | D112: 3 | E112: 4 | F112: 1 | G112: 2 | H112: 3 | I112: 4 | J112: 1 | K112: 2 | L112: 3 | M112: 4 | N112: 1 | O112: 2 | P112: 3 | Q112: 4 | R112: 1 | S112: 2 | T112: 3 | U112: 4
A113: Agus | D113: 20 | E113: 19 | F113: 17 | G113: 22 | H113: 19 | I113: 11 | J113: 14 | L113: 22 | M113: 22 | N113: 20 | V113: 186
A114: Edd | D114: 26 | E114: 28 | F114: 13 | G114: 38 | H114: 35 | I114: 31 | J114: 30 | L114: 37 | M114: 31 | N114: 26 | V114: 295
...

Sheet 5 – GRAFICOS
B128: Acro Kids | C128: 72
B129: Boxeo | C129: 520 | K129: Agus | L129: 186
B130: Calistenia | C130: 1058 | K130: Edd | L130: 295
B131: Cross Traning | C131: 33 | K131: Lazaro | L131: 150
B132: EFA | C132: 101 | K132: Lean | L132: 15
B133: Funcional | C133: 915 | K133: Marco | L133: 191
B134: JIU JITSU | C134: 24 | K134: Mariano | L134: 313
B135: Karate | C135: 17 | K135: Martin | L135: 332
B136: Lyra | C136: 89 | K136: Paula | L136: 64
B137: MMA | C137: 37 | K137: tito | L137: 207
B138: MMA+BOXEO | C138: 25
B139: Movimiento Consciente | C139: 36
B140: Nutricion
B141: Personalizados | C141: 206
B142: Pole Sport | C142: 216
B143: Taekwondo | C143: 7
B144: Tela | C144: 54
B145: Yoga y Yoga Columpio | C145: 32

Sheet MAPEO
A1: N° | B1: ACTIVIDADES | C1: MAPEO
A2: 1 | B2: Calistenia Edd | C2: Calistenia | D2: Edd
A3: 2 | B3: Calistenia Martin | C3: Calistenia | D3: Martin
A4: 3 | B4: Calistenia Agus | C4: Calistenia | D4: Agus
A5: 4 | B5: Calistenia Lazaro | C5: Calistenia | D5: Lazaro
A6: 5 | B6: Calistenia Paula | C6: Calistenia | D6: Paula
A7: 6 | B7: Boxeo y Kickboxing Mariano | C7: Boxeo | D7: Mariano
A8: 7 | B8: Boxeo tito | C8: Boxeo | D8: tito
A9: 8 | B9: MMA+BOXEO | C9: MMA+BOXEO
A10: 9 | B10: Karate | C10: Karate
A11: 10 | B11: Taekwondo | C11: Taekwondo
A12: 11 | B12: Tela | C12: Tela
A13: 12 | B13: Lyra | C13: Lyra
A14: 13 | B14: Yoga y Yoga Columpio | C14: Yoga y Yoga Columpio
A15: 14 | B15: Pole Sport | C15: Pole Sport
A16: 15 | B16: Acro Kids | C16: Acro Kids
A17: 16 | B17: Calistenia Kids | C17: Calistenia
A18: 17 | B18: Movimiento Consciente | C18: Movimiento Consciente
A19: 18 | B19: Cross Traning | C19: Cross Traning
A20: 19 | B20: Funcional | C20: Funcional
A21: 20 | B21: EFA | C21: EFA
A22: 21 | B22: Personalizados Marco | C22: Personalizados | D22: Marco
A23: 22 | B23: Personalizados Lean | C23: Personalizados | D23: Lean
A24: 23 | B24: MMA | C24: MMA
A25: 24 | B25: JIU JITSU | C25: JIU JITSU
A26: 25 | B26: Nutricion | C26: Nutricion
A27: 26 | B27: Calistenia / CALI KIDS Agus | C27: Calistenia | D27: Agus
